structure,n,mode,repeats,build_s,lookup_us,hit_us,miss_us,queries,memory_bytes,bytes_per_login,fp_measured,fp_expected,fp_bound
Linear search,1000,stored,3,5.30000397702679e-06,14.525599999979022,9.691490000113845,19.3597099998442,20000,71145,71.145,,,
Binary search,1000,stored,3,0.00010949999705189839,1.1062100002163788,1.0564600001089275,1.1559600003238302,20000,71145,71.145,,,
Hash table,1000,stored,3,0.0025903999994625337,0.8982100000139326,0.9157200001936872,0.880699999834178,20000,139961,139.961,,,
Bloom filter,1000,stored,3,0.002762199997960124,1.9715200000064215,2.3702099999354687,1.5728300000773743,20000,1256,1.256,0.00973,0.010034531962677978,0.010034531962677978
Cuckoo filter,1000,stored,3,0.0026666999983717687,1.8658899996808032,1.6625199998088647,2.0692599995527416,20000,6504,6.504,0.00678,0.0070044161368523206,0.0078125
Linear search,2000,stored,3,7.999995432328433e-06,29.476385000089067,19.87751999986358,39.075250000314554,20000,142162,71.081,,,
Binary search,2000,stored,3,0.00024190000112866983,1.1146250002639135,1.087530000222614,1.141720000305213,20000,142162,71.081,,,
Hash table,2000,stored,3,0.00511259999620961,0.890485000127228,0.8576000000175554,0.9233700002369005,20000,279274,139.637,,,
Bloom filter,2000,stored,3,0.005244600004516542,2.0150199998170137,2.4368099999264814,1.593229999707546,20000,2454,1.227,0.01001,0.010037019752806447,0.010037019752806447
Cuckoo filter,2000,stored,3,0.005405500000051688,2.005614999870886,1.7397899995557964,2.271440000185976,20000,8728,4.364,0.00717,0.0070044161368523206,0.0078125
Linear search,5000,stored,3,1.4499993994832039e-05,74.79699499999697,48.252140000113286,101.34184999988065,20000,355210,71.042,,,
Binary search,5000,stored,3,0.0006562000053236261,1.3473099996190285,1.2930899996717926,1.4015299995662645,20000,355210,71.042,,,
Hash table,5000,stored,3,0.012682400003541261,1.03023999981815,1.0149499998078682,1.0455299998284318,20000,679306,135.861,,,
Bloom filter,5000,stored,3,0.013373499998124316,2.0309150000684895,2.48453000021982,1.5772999999171589,20000,6048,1.21,0.01041,0.01003851275973971,0.01003851275973971
Cuckoo filter,5000,stored,3,0.01172460000088904,1.971380000031786,1.703760000236798,2.238999999826774,20000,15392,3.078,0.00696,0.007009441198102873,0.0078125
Linear search,10000,stored,3,2.1400002879090607e-05,150.37701000001107,101.17649000021629,199.57752999980585,20000,710174,71.017,,,
Binary search,10000,stored,3,0.0013367999999900348,1.400640000065323,1.3572899995779153,1.4439900005527306,20000,710174,71.017,,,
Hash table,10000,stored,3,0.022405100004107226,0.8817099998850608,0.8838000001560431,0.8796199996140786,20000,1353958,135.396,,,
Bloom filter,10000,stored,3,0.027318300002662,2.072230000339914,2.5482100005319808,1.5962500001478475,20000,12039,1.204,0.00956,0.010039010484203732,0.010039010484203732
Cuckoo filter,10000,stored,3,0.023170300002675503,2.0099050001590513,1.748280000174418,2.2715300001436844,20000,26504,2.65,0.00686,0.007009441198102873,0.0078125
Linear search,20000,stored,3,5.1899995014537126e-05,297.9486700009147,197.74888000101782,398.1484600008116,10000,1420316,71.016,,,
Binary search,20000,stored,3,0.0030097999988356605,1.4282250001997454,1.410780000151135,1.4456700002483558,20000,1420316,71.016,,,
Hash table,20000,stored,3,0.047870800000964664,0.9411499999259831,0.9431799997400958,0.9391200001118705,20000,2709788,135.489,,,
Bloom filter,20000,stored,3,0.05459049999626586,2.102135000313865,2.6326700004574377,1.5716000001702923,20000,24020,1.201,0.00988,0.010039010484203732,0.010039010484203732
Cuckoo filter,20000,stored,3,0.044384000000718515,2.002350000111619,1.830570000311127,2.174129999912111,20000,48728,2.436,0.00726,0.007009441198102873,0.0078125
Linear search,50000,stored,3,0.0002336999968974851,771.3167000001704,524.6738499990897,1017.959550001251,4000,3550373,71.007,,,
Binary search,50000,stored,3,0.00868820000323467,1.7215899999428075,1.6905299999052659,1.752649999980349,20000,3550373,71.007,,,
Hash table,50000,stored,3,0.15951610000047367,0.9413849995326018,0.9090499996091239,0.9737199994560797,20000,7275069,145.501,,,
Bloom filter,50000,stored,3,0.14369889999943553,2.0772100000613136,2.57285999978194,1.581560000340687,20000,59964,1.199,0.00971,0.010039209581758123,0.010039209581758123
Cuckoo filter,50000,stored,3,0.11363929999788525,2.0358300000225427,1.8759200000204146,2.1957400000246707,20000,115392,2.308,0.00646,0.007009944100809684,0.0078125
Linear search,100000,stored,3,0.00045339999633142725,1546.2097999989055,1010.5161000028601,2081.903499994951,2000,7100859,71.009,,,
Binary search,100000,stored,3,0.019976000003225636,1.9062999996094732,1.7670299996098038,2.0455699996091425,20000,7100859,71.009,,,
Hash table,100000,stored,3,0.35541360000206623,1.1661699998512631,1.2222299999848474,1.1101099997176789,20000,14551723,145.517,,,
Bloom filter,100000,stored,3,0.2732786000051419,2.325695000035921,2.847479999763891,1.8039100003079511,20000,119871,1.199,0.00985,0.010039209581758123,0.010039209581758123
Cuckoo filter,100000,stored,3,0.22497020000446355,2.0487950001552235,1.8760200000542682,2.221570000256179,20000,226504,2.265,0.00706,0.007009944100809684,0.0078125
Linear search,200000,stored,3,0.0012515999987954274,3262.9904999994324,2173.2601999974577,4352.720800001407,1000,14201327,71.007,,,
Binary search,200000,stored,3,0.0562013000017032,2.505705000294256,2.5013900005433243,2.5100200000451878,20000,14201327,71.007,,,
Hash table,200000,stored,3,0.7598061000026064,1.2170300000434509,1.3150899998436216,1.11897000024328,20000,29102263,145.511,,,
Bloom filter,200000,stored,3,0.5386660000003758,2.1940350001386832,2.826230000209762,1.5618400000676047,20000,239684,1.198,0.00999,0.010039209581758123,0.010039209581758123
Cuckoo filter,200000,stored,3,0.44732749999820953,2.1438050003780518,2.085050000459887,2.2025600002962165,20000,448728,2.244,0.00675,0.007009944100809684,0.0078125
Linear search,500000,stored,3,0.005212299998675007,8308.61050000749,5509.907500018016,11107.313499996962,400,35500224,71.0,,,
Binary search,500000,stored,3,0.19896249999874271,3.159265000067535,3.2083199999760836,3.110210000158986,20000,35500224,71.0,,,
Hash table,500000,stored,3,1.7724472000045353,1.3385349997406593,1.4508699998259544,1.226199999655364,20000,70223816,140.448,,,
Bloom filter,500000,stored,3,1.4860339000006206,2.320710000276449,2.962169999955222,1.6792500005976763,20000,599124,1.198,0.01034,0.010039209581758123,0.010039209581758123
Cuckoo filter,500000,stored,3,1.2371438999980455,2.189735000501969,2.1033000004536007,2.276170000550337,20000,1115392,2.231,0.00712,0.007009994395049457,0.0078125
Linear search,1000000,stored,3,0.01111250000394648,17382.29449998471,11097.58899998269,23666.99999998673,200,71001605,71.002,,,
Binary search,1000000,stored,3,0.4385190000029979,3.7520550002227537,3.8382900005672127,3.6658199998782948,20000,71001605,71.002,,,
Hash table,1000000,stored,3,3.6020205999957398,1.316890000089188,1.446600000053877,1.1871800001244992,20000,140457541,140.458,,,
Bloom filter,1000000,stored,3,3.192162699997425,2.3761650001688395,3.01681000055396,1.735519999783719,20000,1198190,1.198,0.01022,0.010039214559253868,0.010039214559253868
Cuckoo filter,1000000,stored,3,2.4786074999938137,2.334750000227359,2.2391500002413522,2.430350000213366,20000,2226504,2.227,0.00679,0.007009994395049457,0.0078125
Linear search,2000000,stored,3,0.020286200000555255,33408.56700000586,21012.358000007225,45804.776000004495,100,142002844,71.001,,,
Binary search,2000000,stored,3,1.0309265999967465,4.196020000017597,4.1919099996448494,4.200130000390345,20000,142002844,71.001,,,
Hash table,2000000,stored,3,8.097407499997644,1.6059750003478257,1.876060000358848,1.3358900003368035,20000,280906292,140.453,,,
Bloom filter,2000000,stored,3,7.213314100001298,2.4749300002440577,3.0857300000207033,1.8641300004674122,20000,2396322,1.198,0.00952,0.010039217048002775,0.010039217048002775
Cuckoo filter,2000000,stored,3,5.267322100000456,2.4399399997491855,2.2516899996844586,2.6281899998139124,20000,4448728,2.224,0.00702,0.007009994395049457,0.0078125
Linear search,5000000,stored,3,0.046997299999929965,93564.32000004133,66621.15500002983,120507.48500005284,40,355001616,71.0,,,
Binary search,5000000,stored,3,3.154789600004733,5.803599999853759,6.085180000081891,5.522019999625627,20000,355001616,71.0,,,
Hash table,5000000,stored,3,17.056169700001192,1.4989950002927799,1.7031900002621114,1.2948000003234483,20000,679893184,135.979,,,
Bloom filter,5000000,stored,3,17.8579641000033,2.86195000007865,3.8726300001144414,1.8512700000428595,20000,5990719,1.198,0.01013,0.01003921754575264,0.01003921754575264
Cuckoo filter,5000000,stored,3,14.058766899994225,2.533210000183317,2.4063500000920612,2.6600700002745725,20000,11115392,2.223,0.00733,0.00700999942451308,0.0078125
Linear search,10000000,stored,3,0.09084830000210786,201724.90000004473,104670.69000005722,298779.11000003223,20,709998289,71.0,,,
Binary search,10000000,stored,3,10.510976800003846,8.828920000087237,8.077870000124676,9.579970000049798,20000,709998289,71.0,,,
Hash table,10000000,stored,3,47.85147010000219,1.9396949996007606,1.8174899996665772,2.061899999534944,20000,1359602617,135.96,,,
Bloom filter,10000000,stored,3,49.37617949999549,3.177749999667867,4.087959999742452,2.267539999593282,20000,11981380,1.198,0.01044,0.01003921754575264,0.01003921754575264
Cuckoo filter,10000000,stored,3,35.77997309999773,3.2963149998977315,2.456479999818839,4.136149999976624,20000,22226504,2.223,0.00728,0.00700999942451308,0.0078125
Bloom filter,20000000,streamed,1,97.25793910001084,3.912375000072643,5.634750000172062,2.1899999999732245,20000,23962703,1.198,0.01038,0.01003921754575264,0.01003921754575264
Cuckoo filter,20000000,streamed,1,68.87132830001065,3.5425099998974474,3.2816799997817725,3.8033400000131223,20000,44448728,2.222,0.00749,0.00700999942451308,0.0078125
Bloom filter,50000000,streamed,1,310.4691382000092,4.78443000029074,6.303140000090934,3.2657200004905462,20000,59906672,1.198,0.01,0.01003921764530261,0.01003921764530261
Cuckoo filter,50000000,streamed,1,216.49001779996615,4.19300000066869,3.5180999999283813,4.867900001408998,20000,111115392,2.222,0.00697,0.007009999927459876,0.0078125
Bloom filter,100000000,streamed,1,713.1610138000397,4.400914999860106,5.208889998903032,3.5929400008171797,20000,119813287,1.198,0.00991,0.01003921764530261,0.01003921764530261
Cuckoo filter,100000000,streamed,1,455.36831310004345,3.401579999626847,2.9903599992394447,3.8128000000142492,20000,222226504,2.222,0.00684,0.007009999927459876,0.0078125
