structure,n,fp_target,bits_theory,bits_actual,fp_measured
Bloom filter,1000000,0.001,14.377588,14.378048,0.0011
Cuckoo filter,1000000,0.001,14.444456,18.047488,0.00092
Bloom filter,1000000,0.002,12.934893,12.935352,0.00217
Cuckoo filter,1000000,0.002,13.333344,17.914976,0.00177
Bloom filter,1000000,0.005,11.027754,11.028216,0.00521
Cuckoo filter,1000000,0.005,12.222232,17.846912,0.00354
Bloom filter,1000000,0.01,9.585059,9.58552,0.01022
Cuckoo filter,1000000,0.01,11.11112,17.812032,0.00679
Bloom filter,1000000,0.02,8.142364,8.142824,0.0199
Cuckoo filter,1000000,0.02,10.000008,17.796544,0.01375
Bloom filter,1000000,0.05,6.235225,6.235688,0.05058
Cuckoo filter,1000000,0.05,8.888896,8.898656,0.02689
Bloom filter,1000000,0.1,4.79253,4.792992,0.09997
Cuckoo filter,1000000,0.1,7.777784,8.894368,0.05442
